"id_filial";"descricao_filial";"pedido_nulo";"total";"status_6";"status_8";"carrinho"
"00ad18ab-20b7-4b12-a13f-b41e3ea1489e";Supermercado Camiño Itapiracó;36;36;0;0;36
"01cf9b09-25c8-4146-9b30-57e7286244a9";Spazio Cohama;6837;7022;131;48;6823
"024e9764-d31d-49a2-b341-f9ce6ce685f2";Mix Vargem Grande;117;142;14;3;117
"02f3e8e4-1da9-4374-8f62-18f2e28b8475";Loja Virtual Mix Mateus Marabá;24;24;0;0;24
"03cdf40e-4396-47bc-8b89-e277268529a9";Supermercado Camiño Santa Rita;28;28;0;0;28
"04854b55-7c1d-4dbb-a048-5e738bc32dfd";Armazzem Pulse;35;49;5;4;35
"04aa3aec-6e9e-4729-a5b0-616a20c2b436";Supermercado Mateus Santa Inês;106;106;0;0;106
"062eaf9a-abe0-4751-af39-90e155e5d1a7";Supermercado Camiño Maiobão;39;39;0;0;39
"0721598f-85a5-4913-988d-c2d907349a10";Loja Virtual Babaçulândia;35;35;0;0;35
"0742ed78-251f-4a48-9e08-8c50fe55065f";Eletro Mateus Vitorino Freire;197;241;27;4;197
"0796d8ea-337b-4d6e-a124-d47c3cf00011";Armazzem Península;314;355;35;1;314
"07d75cf9-00b2-4eec-bb8d-df9912f1b8ef";Eletro Mateus Xinguara;38;46;6;0;38
"082c8182-1225-4ee0-9087-c24db8e2e8f7";Mix Mateus Redenção;53;53;0;0;53
"08cc9ca0-b18b-4465-82ff-0a5e59866be8";Eletro Mateus Presidente Dutra;310;344;17;0;310
"0917ded6-e23e-401e-a82e-72dfb65a33cc";Supermercado Camiño Itinga do Maranhão;4;4;0;1;3
"09d0045b-5eff-4baa-a9de-36c734898bd0";Eletro Mateus Anapu;36;42;6;0;36
"0d154e92-df1b-4270-a7e6-0945408931d9";Eletro Mateus Supermercado Maguari;382;450;42;2;382
"0dc44bb4-008c-49a2-b3b8-b631758c6261";Supermercado Camiño Ruanna;24;24;0;0;24
"0e216874-06f7-44f8-8432-0520ff177a5b";Eletro Mateus Bernardo Sayão;545;647;72;6;545
"0f3783e9-8093-4741-b1bd-70ce26a5f576";Papelaria e Escritório;725;758;27;5;722
"108ff39b-74ee-45e1-b5e5-eb3717d41015";Eletro Mateus Grande Belém;1099;1329;177;17;1097
"112a561f-e89d-4646-85b5-b0bb96b27258";Boteco Gelado Tianguá;384;883;402;42;384
"12212259-a5ac-4f76-94e7-0add553b5cd1";Eletro Mateus Vila Luizão;846;997;96;12;846
"12296816-99ab-4538-8050-24b9be5715ec";Eletro Mateus Itupiranga;28;33;2;0;28
"167525db-46ae-4688-8691-1d763fbcfaac";Boteco Gelado Teresina;571;955;303;39;568
"171cb0f3-3b71-4341-8a84-16789affcb55";Eletro Mateus Jardim Tropical;1358;1596;155;23;1356
"17c7fbd8-672e-417b-a506-31feed890471";Supermercado Mateus Maguari;153;153;0;0;153
"17f4d90a-87c7-4673-b106-8faa06d60082";Boteco Gelado Parque Alvorada;579;1066;437;16;579
"1839b208-0c3b-42b7-8ec7-c91a1500484b";Eletro Mateus Rio Anil Shopping;1166;1520;237;27;1166
"1a54a75d-c2dd-486e-ab19-fd2b59051346";Eletro Mateus Uruará;39;42;1;0;39
"1ac7a1a5-b7d9-45c8-91fc-acb76754eb12";Eletro Mateus Castanhal;259;297;23;3;259
"1acc00f5-277d-44b6-b485-81a8beee2657";Mix Bacabal;3873;4795;460;247;3873
"1c45bf96-5ab3-4be1-b547-8f323bd38993";Supermercado Camiño Rua Coronel Pedro;18;18;0;0;18
"1c954a63-4672-49ee-bc0b-1ecceb8509c6";Mix Mateus Sobral - Atacado;1019;1270;201;37;1019
"1cde252b-94d1-42c5-84aa-0a2e1bb52df1";Pizzaria & Lanchonete | Hiper Renascença;6;6;0;0;6
"1d387e42-d9b8-42ba-9aec-e1168d7302fd";Boteco Gelado Sobral;3153;5212;1761;140;3151
"1db3fc93-556e-4652-82f1-30bc985097ab";Eletro Mateus 7 de Setembro;133;162;23;1;133
"1f29f54e-ba31-42be-b323-ceae784ba285";Escola Adventista Monte Castelo;1;1;0;0;1
"1f3772be-de65-4e58-b7fd-a10bc59ece44";Boteco Gelado Pedreira;8401;9645;940;122;8396
"1fba39fa-cec6-45d3-95a6-093e7e2a5200";Eletro Mateus Tirirical;968;1198;151;11;967
"2181a7ca-07f0-4eec-b9f3-2f8d5d61259f";Supermercado Mateus Turu;29083;42144;11486;1023;29059
"2194687e-808f-4316-9c34-af44636f4eaf";Dirceu;10;10;0;0;10
"229d57e6-52cc-460f-8cf2-22304c92f8c3";Boteco Gelado João Paulo;1;1;0;0;1
"22c1fd2b-3df5-4c4b-a214-d0ed3dc0e634";Supermercado Camiño Vitorino Freire;43;43;0;0;43
"22f2a470-6c91-499e-a397-a2473a123b62";Eletro Mateus Grande Parauapebas;501;612;91;5;501
"237a2010-2f46-4424-b5e8-d209aaa8a169";Hiper Mateus Renascença;34137;94421;58705;537;34085
"23edded2-d178-44f5-b9a0-2483b9923aca";Boteco Gelado Sol Nascente;3;3;0;0;3
"248f4626-efe8-46a4-a9b1-45947f71788f";Eletro Mateus Itapecuru Mirim;458;551;65;6;457
"25a1ca9f-8119-4e45-81d0-17ba38d3ab64";Eletro Mateus Santa Inês Canaã;195;285;58;2;195
"25bdf32c-eee2-4eb2-b791-6544c04b6c7b";Loja Virtual Bacuri;31;31;0;0;31
"26217b2e-a0ea-4e3a-b8aa-be3ed21af2b8";Supermercado Camiño Itupiranga;13;13;0;0;13
"26335f85-6755-4a78-804d-0765e4c712eb";Supermercado Camiño Estreito;50;50;0;0;50
"26f7d85d-d1ad-4064-8fed-8a17424ccfc7";Eletro Mateus Zé Doca;223;283;32;4;223
"2857c51e-ffc9-4365-b39a-0156cfc032b9";Supermercado Mateus Cohama;48601;81603;30622;1125;48566
"2884e2b0-8b2e-47cc-a921-2f7b9f57e696";Boteco Gelado Barcarena;442;884;387;17;442
"28d7318e-4cec-404b-a2dd-f72b5cc26b0f";Eletro Mateus Jaderlândia;232;269;17;1;232
"2a1e5711-29e9-4ca5-84bb-08c6987be4fc";Mix Mateus Maiobão;139;139;0;0;139
"2aa6699d-bcbe-45fd-9809-264b447e9766";Eletro Mateus Mix Maiobão;383;466;70;2;383
"2aedb8ff-75b1-4c2d-8b90-7bba1544c95c";Eletro Mateus Rio Verde;113;133;17;1;113
"2d16edd6-17f4-4619-944a-dc316326b589";Eletro Mateus Eldorado dos Carajás;40;56;7;2;40
"2d36cc32-6aa9-4cbd-89d1-9ed1a52e25ba";Península;37;38;0;1;37
"2d96d511-311b-44ad-8184-14bb14c31d75";Loja Virtual Bela Vista;9;9;0;0;9
"2f19567e-e697-438d-ab6f-21207741ef17";Eletro Mateus Barcarena;315;395;57;5;315
"30d44b20-0e5e-4fc0-838c-8abec45ebed6";Centro de Distribuição - 87 / Frios;4;4;0;0;4
"31cd1baa-631f-4761-84e3-1d2d9934a2e7";Supermercado Mateus Goiás;24086;37859;12477;339;24077
"325f0021-ee3d-44e3-8dc5-04f692112365";Centro de Distribuição - 101 / Venda Externa;1;1;0;0;1
"32f3603c-b55f-418b-8555-1a31858839f5";Eletro Mateus Calhau;745;960;166;19;742
"355d0c26-8f16-4efa-80e2-8b6f616f35d4";Supermercado Mateus Cohatrac Ⅳ;39673;54260;13151;586;39653
"3579ff07-6ded-4da0-9f57-a45eed95e130";Loja Virtual Cohatrac Ⅳ;49;49;0;0;49
"35f14275-cb7b-4901-ad7a-44a25c0cd75e";Mix Mateus Petrolina - Atacado;1593;1924;278;22;1593
"36bbaabe-eeb1-4f55-be53-7e30c6cc897a";Mix Mateus Tianguá;145;145;0;0;145
"36c6a1ae-c2e9-4747-8ec7-23e6cebd35a5";Supermercado Camiño Carcará;5;5;0;0;5
"37c4ea2a-cd7d-4f03-8efb-e43a2280b486";Mix Mateus Bacabal;247;247;0;0;247
"37eaf926-91b8-4599-9c2c-daa6ae097b5f";Supermercado Mateus Estreito;6;6;0;0;6
"38936bf3-cafe-4bd6-90f4-0d840779439f";Eletro Mateus Altos;79;84;4;1;79
"3982d1b1-e944-4bce-8612-83e0ed7416a2";Eletro Mateus Santa Luzia;207;243;21;1;207
"398763ca-16af-406e-ac21-74b09b59a544";Boteco Gelado Mario Covas;855;1287;341;43;854
"3b1a6e17-e803-4925-9e28-9ef8de9760f5";Armazém Mateus;301;368;22;15;301
"3ba03683-32fd-4a78-9c53-81ba25696b29";Eletro Mateus Curva do Noventa;715;865;118;13;713
"3c8bdf7f-e3f4-40a2-ae65-5482e82eff7b";Eletro Mateus Ribamar;543;629;50;4;543
"3cfe1d8f-0aff-4394-a414-0ea1d2b17df8";Mix Mateus Juazeiro;4290;6907;2280;89;4290
"3d0e984b-81fe-4df7-a43c-ad3faeea364e";Boteco Gelado Paragominas;41;52;10;0;41
"3d3d9752-681f-4eab-ab80-9085d13fbcbd";Mix Mateus Serraria - Atacado;1367;1556;154;12;1367
"3d73beff-bb3d-4959-b946-3fdfc0e4b7fa";Mix Mais Aracaju;30;32;1;1;30
"3f1512f8-d471-4321-887d-c900b93e84ee";Eletro Mateus Praça de Fátima;374;442;48;3;374
"3f570b61-a334-4c2e-aadc-01ea38b6575d";Eletro Mateus Grande Imperatriz;2082;2452;239;13;2082
"3f5acd10-47f2-48eb-bd9f-2352fe26524b";Mix Mateus Ceasa;42;42;0;0;42
"3faeef37-2377-4a31-a3b8-8352afcb23bb";Eletro Mateus Paissandu;380;433;39;3;380
"40dc41f8-6ff9-4207-b1b8-ceff3d2642f5";Eletro Mateus Carolina;156;190;20;1;156
"40febef7-fb6c-4110-a807-8d6a678fbe19";Mix Mateus Parnaíba;104;104;0;0;104
"41e35645-8a72-4ad5-a86d-c7899156843f";Centro de Distribuição - 130 / Eletro;1;1;0;0;1
"43090178-57cc-4ec8-a0b9-b87011522751";Supermercado Camiño Arari;12;12;0;0;12
"4348bd5d-209c-4141-88be-b653864b2d1e";Eletro Mateus Olho D'água;1142;1447;236;8;1142
"43546457-98e3-41ce-853d-b53c6cbb8c8c";Eletro Mateus Angelim;496;612;82;11;495
"43aea084-bd27-42e7-87e8-931fc2405bc4";Boteco Gelado Marabá (Mix - Cidade Nova);1319;2316;804;68;1319
"43b9badb-f527-4ed6-8dd0-ceba5d049dcc";Eletro Mateus Conceição do Araguaia;57;73;3;2;57
"4460f245-0640-49e1-b17d-15cce7bf62d6";Eletro Mateus São Félix Pioneiro;54;68;8;0;54
"45c02ce8-2c0f-492c-8c8a-866200cf0b82";Supermercado Camiño Maranhão Novo;34;34;0;0;34
"46862664-49ac-485c-9770-7b0aba264de4";Padaria Express;1;1;0;0;1
"46879989-d394-47eb-b940-088974615f0b";Eletro São Mateus;563;662;54;21;560
"46dbd30f-726d-437c-9310-d3c19d3f3c84";Eletro Mateus Paragominas;255;298;17;10;255
"48239ef3-7351-403d-addb-b3385e7f5886";Supermercado Mateus Anil;93;93;0;0;93
"4920509f-f4b1-40d1-871d-3be98a987a84";Supermercado Camiño São Félix;21;21;0;0;21
"4925c571-1392-446d-934e-be746b9c367e";Supermercado Camiño Tutóia;45;45;0;0;45
"493ae47c-e9ef-4973-8f59-77be7a3b3b6e";Eletro Mateus Bacanga;882;1043;114;7;881
"49478352-f28d-4bc8-a786-efd3cb324876";Mix Chapadinha;765;936;111;5;765
"4a9a79c0-a77e-4a8b-a588-4b76494da7ef";Supermercado Camiño Conceição do Araguaia;34;34;0;0;34
"4ab7d7bd-4c62-42e3-9c88-268bc1a6d92e";Boteco Gelado Teixeira de Freitas;143;239;74;14;143
"4af1f80f-ecfa-4ef3-919a-1ff43c72cbf2";Supermercado Mateus Tailândia;90;90;0;0;90
"4b0b6d42-af14-4280-b3db-61aaed314b75";Eletro Mateus Supermercado Marabá;64;73;8;0;64
"4b687563-6f97-4e08-b4bb-d4dfd90a1f1d";Mix Mateus Altamira;140;140;0;0;140
"4c42cc21-3197-47e7-8516-e5688f10e263";Supermercado Mateus Barra do Corda;59;59;0;0;59
"4d0346cd-00dd-4905-afba-960e15809a9a";Eletro Mateus Forquilha;751;928;130;12;750
"4d163578-0003-4af3-9bd0-c68988f5bec4";Eletro Mateus Tucumã;85;116;22;3;85
"4d86e65b-6791-483f-822a-759b4be5e926";Eletro Mateus Santa Inês;460;580;77;10;460
"4defe634-437d-4b0d-b6bb-cbecdb614270";Mix Mateus Coqueiro;167;167;0;0;167
"4dfc7e1a-6054-4175-a01e-033ef3a3c08f";Eletro Supermercado Cohab;517;628;69;7;517
"4e5c7c03-cc0e-413a-adca-254045a4fda1";Eletro Mateus Sitio Saramanta;417;506;59;10;417
"4f9591db-ebfd-4ed7-8c6b-d68d05fefffa";Eletro Mateus Codó - São Sebastião;374;439;39;4;374
"5098dcf1-ee89-465e-ac14-3603ddd80edf";Boteco Gelado Cohatrac Ⅳ;2949;5411;2141;81;2946
"51337904-6196-4f84-a838-c130e3b1344e";Mix Mateus Pedreira;30580;44161;12298;274;30568
"5239f233-8845-4924-8b5f-118c4ab92059";Eletro Mateus Cohatrac;594;735;105;10;593
"52df27a1-8caa-46a5-bdbe-d930cffdb565";Mix Mateus Jardim Tropical;307;307;0;1;306
"5321d18c-ae50-4ae3-98d1-7cd3995b753d";Supermercado Camiño Zé Doca;47;47;0;0;47
"53a1d24d-308c-46cb-aef0-2f4c82c53d93";Eletro Mateus Rondon;68;83;10;0;68
"55b5e42f-055d-4a03-83fb-a9edf3b9eba3";Mix Itapecuru Mirim;175;216;17;12;173
"55cdff2a-f662-4784-b799-91167b114455";Boteco Gelado Renato Parente;1;1;0;0;1
"56492d22-10d0-4e91-83a5-f067168f1181";Mix Mateus Serraria;2707;3296;462;63;2707
"56627aa4-ab8d-4d10-8911-3eff33114be8";Mix Mateus Caxias;148;148;0;0;148
"56d94831-e2e7-4278-85c2-150c10e662f6";Mix Mais Juazeiro;72;73;1;0;72
"576d3f71-c39c-4142-a256-03f74fc84424";Eletro Mateus Timon;974;1115;62;13;974
"58088788-b640-4e11-80dc-ad53321ef0ca";Eletro Mateus A  Maranhense;395;460;47;10;393
"5a078f2b-9527-40e7-a382-c81fb59694ca";Eletro Mateus São Francisco;495;632;105;6;495
"5a3784c5-e668-44df-9877-78aa99342b2b";Umarizal;37;37;0;0;37
"5a3f43be-1e98-446b-bfbd-06af73f59d10";Mix Mateus Juazeiro - Atacado;1066;1369;250;20;1066
"5a5ba525-5167-41d6-8a34-ada14745f9a6";Supermercado Camiño Recanto Vinhais;24;24;0;0;24
"5b87ed75-e215-4578-bd0b-a21e7489f56f";Boteco Gelado Vinhais;14500;18798;3801;154;14484
"5c2847d7-e58b-4255-83e1-9a74b97c6951";Mix Mateus Marabá - Atacado;624;767;119;3;624
"5dffd88a-213c-4bf6-bec5-c0d6c461dcdf";Supermercado Camiño Cururupu;1;1;0;0;1
"5f611440-0cda-4e03-ba13-69f10d2e43ac";Camiño Barreirinhas - Boa Vista;1;1;0;0;1
"6083b405-2cf8-4628-b93b-dcf4d4a4b4d9";Eletro Mateus Canaã dos Carajás;169;201;4;2;169
"60f030d9-ce0a-4675-9b5b-2755ad990aef";Boteco Gelado Trapiche;51;58;5;1;51
"621b6a70-47be-4f1d-9f24-4bce0f8f1f44";Mix Mateus Bragança;2;2;0;0;2
"63e72429-6e54-4615-9cb2-e2c3bfced404";Eletro Mateus Vinhais;762;929;123;24;759
"65a589d8-8e7c-4baf-8ad4-9d8afa4c33e3";Mix Mais Trapiche;135;153;3;10;135
"65aa0c67-f9c3-4f29-8898-4b41a0b47462";Mix Mateus Teresina - Atacado;1642;2104;421;15;1642
"6690bb17-7678-48ee-86ea-01c4b36bec9f";Eletro Mateus Renascença;1425;1946;399;47;1424
"67f0e4f0-d600-4b7a-81e1-5cdb3c10bdc4";Supermercado Mateus Bacanga;132;132;0;0;132
"68b001ea-832c-4b96-99a6-e7ccd4900fee";Boteco Gelado Aracaju;139;165;16;3;139
"69fead4a-2a12-431f-9132-dc62199507cd";Boteco Gelado Renascença;2991;5783;2428;90;2987
"6a1bc61d-4985-405a-b004-3e8ce328512f";Eletro Mateus Lago da Pedra;328;429;67;3;328
"6a238509-c141-43de-b870-1c2ceed84d2d";Supermercado Mateus Cohatrac V;432;432;0;0;432
"6a7d52d4-dd60-425e-b1e6-db3c682f2137";Eletro Mateus Mercadinho;189;220;23;3;189
"6a908bc2-db23-4931-942e-c713507d1167";Boteco Gelado Península;7;7;0;0;7
"6b34d4d6-b9e1-4de3-8034-887e9b97443a";Mix São Mateus;1652;2960;1100;57;1650
"6b85109c-a360-4a1b-a498-ab15de3c6d6b";Boteco Gelado Cohama;15445;19377;3251;271;15425
"6bf2c63a-afed-4094-8419-19c923de2720";Eletro Mateus Dom Eliseu;35;55;8;0;35
"6d93a177-e63b-44f2-af03-452346767a1c";Camiño On-line Itinga Maranhão;1118;1450;118;35;1118
"6ef62d93-e0f0-4e39-a8d5-fce7cf0d06e5";Eletro União Parauapebas;87;101;6;2;87
"6f612d4b-ca6a-4dda-9697-445ff015fbfa";Supermercado Mateus Marabá;58;58;0;0;58
"706114e7-b79e-4890-a538-9e0d1eb34e33";Supermercado Mateus Cohatrac Ⅳ - Atacado;35;35;0;0;35
"7218f777-b433-43c3-a31c-3db1ba0da1e8";Eletro Mateus Tailândia;99;106;2;0;99
"72266e55-b293-4abc-974a-16871a30b52e";Eletro Mateus Cohama;2514;3449;700;66;2510
"73008092-c03c-4219-a1c3-7f1b2ef29039";Centro de Distribuição - 87 / Mercearia;49;49;0;0;49
"730f8fca-2ace-4efa-8d49-3a2e30a632db";Boteco Gelado Goiás;1075;1737;485;34;1072
"73c171bc-f9a9-4ebb-8796-e5b798a19074";Supermercado Camiño Itapecuru;35;35;0;0;35
"745a0bf0-02f0-4eaf-bf4f-f7f07f41b93d";Eletro Mateus Grajaú;211;265;34;2;211
"747d156a-efee-4375-b7e3-304cef78f588";Supermercado Mateus Cidade Operária;87;87;0;0;87
"74e82059-5c3d-45f5-82cd-dbfed1335b06";Eletro Mateus Tucuruí;110;136;17;1;110
"7530700b-398e-4b68-ad1f-192927462fe2";Boteco Gelado Cajazeiras;4003;5298;968;76;3996
"75740432-ebd1-499c-b6e9-86fe7f5ff4f9";Mix Mateus Santa Inês;236;236;0;0;236
"76af7a0f-48eb-455a-b52a-aa0695fa27db";Eletro Mateus Nova Marabá;110;136;13;0;110
"76b4033d-21ce-4378-8b93-332a2c2d5b3c";Supermercado Camiño Novo Repartimento;4;4;0;0;4
"77e9a3ee-4d2b-4962-ae46-58fc83c41310";Supermercado Camiño Miranda do Norte;1;1;0;0;1
"78038152-e44e-4819-a108-acc30aa639d3";Eletro Mateus Rua da Paz;360;421;39;4;360
"7869b345-ee61-497c-bc8e-61ceb5c84719";Eletro Mateus Sambaíba;165;196;22;3;165
"78b01f0d-8954-495a-a4c0-817618f41eb2";Mix Mateus Vinhais;34867;54500;18376;516;34826
"78d667b2-29c5-406d-af1a-62a2a517be4e";Eletro Mateus Balsas;739;905;113;9;738
"78e03c01-41e4-4350-9377-38a98163fdfc";Supermercado Mateus Piripiri;12;12;0;0;12
"79606ba9-d028-4c4b-b0f0-0834da75272c";Loja Virtual Anil;7;7;0;1;6
"79b04fc3-034b-4888-a8f2-16ef034b5a1d";Camiño Barreirinhas - Atins;3;3;0;0;3
"79e5b5ac-c843-406c-b06e-3988131ff581";Jóquei;29;29;0;1;28
"7bfa012c-daf0-4279-a8c3-29702e182c71";Mix Mateus Mario Covas;159;159;0;0;159
"7c0cdb58-452d-4f0c-8326-c1c19423a5b1";Eletro Mateus Kennedy;648;738;62;6;648
"7c87616b-79c9-4c6d-a81e-fae429ee0016";Spazio Calhau;2962;3019;38;16;2950
"7e7f208b-7b01-438d-8ff8-9608e2c56d10";Mix Mateus Tucuruí;103;103;0;0;103
"7e89fdc1-ab28-4896-8b61-caf125fcc618";Eletro Mateus Mauro Fecury;411;496;58;4;411
"8055d8fa-29cf-47f6-830d-01abe7f571a1";Mix Mateus Tamandaré;72;72;0;0;72
"8195b3fd-1f4a-4177-b080-0f1cc0c9b621";Eletro Mateus Pacajá;9;16;4;1;9
"82049581-1e50-4971-9b31-6ad760fddce0";Armazém - Mercearia;4;4;0;0;4
"82535930-48d5-424d-b22a-59cfbfbff0c0";Supermercado Camiño Grajaú;60;60;0;0;60
"82ae6f67-5ffb-41a3-bc0d-25742985e72c";Eletro Mateus Shopping da Ilha;682;837;116;15;681
"834a6831-0d05-4b9d-9f08-30c37b4a5f87";Mercado Teste;4;11;3;4;4
"854e0547-5076-42ea-8aea-43e4f1886fc2";Eletro Mateus Pedreiras;455;519;39;8;453
"857971ab-e1d2-4149-930b-a4740f4bcde0";Supermercado Mateus Buriticupu;92;92;0;0;92
"8887ca00-2c8a-4cd6-9582-ef4d03901d72";Eletro Mateus Buriticupu;395;505;70;6;395
"8ad46c85-addf-4b09-9478-a767a66141b6";Supermercado Mateus Canaã dos Carajás;1;1;0;0;1
"8c22adce-3a9f-463e-bb50-10ed07c9b497";Eletro Mateus União;65;78;7;2;65
"8d67e1d4-ae7e-4243-8336-aab970ba0a67";Mix Mateus Pedreiras;189;189;0;0;189
"8e83e360-4cbe-477f-97da-3472c5eb63fe";Eletro Mateus Maiobão;921;1087;118;12;921
"8f41aa43-b781-45bd-91c3-84abfcc7bf2b";Mix Mateus Abaetetuba;465;465;0;1;464
"911b326e-89b3-4e39-a5e0-e6fd89e6040a";Mix Mateus Petrolina;7475;10860;2911;122;7474
"916e640b-69c7-4db8-94d2-87e2f1e9e5a6";Eletro Mateus Pátio Norte Shopping;694;865;114;11;694
"922a5e84-8c0f-4be6-982b-132ddf097adb";Supermercado Mateus Barcarena;2970;5274;2017;57;2968
"92e71095-e30a-47b7-a80c-4fbf8994bdd8";Supermercado Camiño Rondon;20;20;0;0;20
"93b414d7-c9bf-42cb-ba55-ea289e24b7a7";Eletro Mateus Av. Tancredo Neves;127;139;6;1;127
"94b6919b-dcc5-40ca-bf6b-a6212b06aa32";Eletro Mateus Ulianópolis;221;318;66;5;221
"956c158c-5830-494d-abdc-b8e1104974dc";Eletro Mateus Batista Campos;112;138;10;0;112
"9659e61b-311f-4aa9-9300-616e5bd19bef";Monte Castelo;19;19;0;0;19
"966edfff-4c07-4d7c-a73b-38dfca4e224e";Supermercado Mateus Calhau;24982;44462;18587;406;24954
"97a3ef25-367c-4e44-8d23-9bf4c3aac210";Mix Mais Teixeira de Freitas;71;81;5;2;71
"9a58c075-cbaa-49bf-b2a5-8559397e6649";Supermercado Camiño Carolina;36;36;0;0;36
"9a7e73d5-3e4d-42a6-acc7-86bb696f80c5";Supermercado Mateus Pátio Norte Shopping;68;68;0;0;68
"9ab6da7f-aa4d-4598-95b2-885c6657cfb7";Mix Mateus Marabá;15331;23433;7083;351;15327
"9c343aed-913f-463b-80a1-1975a720971f";Boteco Gelado Petrolina;567;943;306;19;567
"9c6900e7-3ed5-4789-badb-da9095f4ddd5";Eletro Mateus Pinheiro;762;886;75;3;762
"9cae091f-8c8b-48fc-97a0-6678e221db2e";Eletro Mateus Getúlio Vargas;624;802;125;13;624
a1941a5f-636e-46e3-b860-5618b65c68c0;Supermercado Camiño Dom Eliseu;14;14;0;0;14
a1a1c7da-aad9-4bbb-9127-51421941c539;Supermercado Camiño Viana;59;59;0;0;59
a360672a-72a0-4bbd-9406-393f76572ec1;Supermercado Camiño São José de Ribamar;53;53;0;0;53
a38d9f27-6df8-4671-a82a-c2d942025f92;Mix Mateus Parque Alvorada - Atacado;1057;1343;256;6;1056
a39cf486-cdda-4b42-b6f7-48d486a62a21;Eletro Mateus Cidade Nova;195;232;24;3;195
a3a7acdf-a573-4e08-a531-4bbf3bbc406f;Eletro Mateus Chapadinha;475;563;53;2;474
a47e08c4-54bf-412c-b7f6-ab902132365f;Boteco Gelado Forquilha;8371;11294;2199;214;8365
a5a0ae4a-c0c1-426a-9f0b-719f02b7a2d0;Mix Mais Serraria;77;85;3;2;77
a7a26910-2d3a-43d6-a4af-65bec6e282d5;Eletro Mateus Grande Marabá;273;313;24;3;273
a7c71d6e-8c21-4446-bd62-afd9373d05c1;Camiño Barreirinhas - Centro;1896;4139;1898;101;1894
a86e4cc3-abf1-4fd3-86d4-8fc73974c9e8;Eletro Mateus Cajazeiras;1158;1361;136;10;1157
aaf3c5a7-029e-4f51-8ac0-c4e57d7b737c;Camiño Barreirinhas - Tapuio/Cantinho;2;2;0;0;2
ab11c5c7-52c3-45b5-ac34-4b438b6b9d3e;Mix Mateus Chapadinha;95;95;0;0;95
ab42ea9d-2a14-4d5e-8b13-884b4fbcef45;Eletro Mateus Alvorada;480;575;68;9;479
abd1264b-f5cd-4ebe-8358-206e878f5a1d;Eletro Supermercado Cidade Operária;665;777;64;12;665
ac12cf91-3910-4fd9-ab02-ac1c34fc0104;Eletro Mateus Goianésia;63;87;18;3;63
ac2e05a7-538d-4e6e-ae8c-48efc401ba91;Spazio Hiper Renascença;4148;4298;114;34;4129
ad7e264c-68ba-44a0-a38c-5bf012e8d244;Supermercado Camiño Rosário;24;24;0;0;24
ae3298d2-c42c-4aa9-a24a-469f01ee9f8d;Centro de Distribuição - 82 / Eletro;149;149;0;0;149
aee51acb-db47-4f96-95c7-eedee1e6089f;Boteco Gelado Parque Piauí;1;1;0;0;1
af1379b2-bc5c-4d4e-9d6c-576941d03f5a;Mix Mateus Açailândia;108;108;0;0;108
b01472ea-c8bb-4968-9062-d4dd320ed7ab;Eletro Mateus Velha Marabá;63;68;4;0;63
b1303101-b0d6-4eda-81c7-08facd5558fe;Loja Virtual Parque Piauí;11;11;0;0;11
b1fc893f-b62b-4e05-a7dd-8642f0be23a2;Mix Mateus Vinhais - Atacado;6905;9620;2326;84;6901
b229b0ab-c39e-4d4a-abc1-af69f19927cd;Supermercado Mateus Marambaia;157;157;0;0;157
b2493756-ea06-44aa-a12d-7fd6448bd291;Mix Santa Rita;594;961;299;28;593
b2d0f550-85f6-46d0-ae6a-8793348eaccb;Eletro Mateus Medicilândia;28;37;5;0;28
b347f0f1-f07c-47c6-8374-5ec30e10ff98;Loja Virtual João Paulo;1;1;0;0;1
b4af8266-c165-4269-85e8-56a343e48771;Eletro Mateus Mario Covas;387;440;35;0;387
b4bd8146-56f3-43d5-9961-964e45693718;Mix Mateus Olho D'água;9714;15024;4539;269;9709
b627695e-3067-4cc7-ad68-89cd9e409f2f;Eletro Mateus Tutóia;219;263;21;5;219
b6886110-18e9-4e68-8a01-b0e8072b2b28;Mix Codó;1401;1726;227;33;1401
b6a4b911-7719-44ee-ba20-22331398e908;Eletro Mateus Jacundá;45;49;4;0;45
b6df21ef-230d-49fd-897b-f87b167553a9;Mix Mateus Marituba;180;180;0;0;180
b6fa8a95-553b-4a28-819d-2d6f9506eb86;Eletro Mateus Feirinha do Bacuri;315;387;56;2;315
b71b9848-7430-4176-a6a7-6c71c97b9f12;Eletro Mateus Super Turu;1411;1747;254;25;1411
b749a737-a0e9-4b17-87b2-3c7ca88300b6;Mix Mateus Sobral;12713;19334;5823;237;12708
b7fcbaa3-4b28-4052-b4ae-bd973b101b73;Eletro Santa Rita;407;480;47;15;406
b8a5ee06-b7f7-4e89-b98b-c171b5d6b2b1;Eletro Mateus Curionópolis;17;26;8;0;17
b95f45bf-2649-4f95-86fe-d3c39fd25325;Eletro Mateus Ceasa;499;551;35;5;499
b985dd79-4bb7-4b5b-a9d4-f12e9416635f;Mix Mateus Balsas;1395;1858;394;18;1393
b9c9e379-f52e-4af8-b063-743209e16cce;Eletro Supermercado Castanhal;246;282;19;1;246
bab3b8c7-9ea9-4ca2-b946-527bd915d574;Supermercado Camiño Goianésia;24;24;0;0;24
bb4d9887-94d7-4c3f-b61f-e3e45d5cfeca;Supermercado Mateus Rua Ceará;105;105;0;0;105
bd096f21-654b-4571-b47b-1516c39d01f8;Supermercado Mateus Rio Anil Shopping;61;61;0;0;61
bd6b86ea-684e-461c-9c42-649cd8af5cf1;Supermercado Camiño São Cristovão;58;58;0;0;58
bdc4e700-aed3-41bd-8282-553c351d2e21;Eletro Mateus Barra do Corda;239;310;49;4;239
bebfe3de-692a-4ce6-ba78-b680f090bb72;Eletro Mateus Codó - Centro;305;362;31;3;305
bedc1c1d-8c34-4810-bfc3-82972594b610;Mix Mais - Centro de Distribuição;7340;8702;1138;66;7332
bf14aaea-0708-42be-a573-a4248081dea9;Supermercado Camiño Vargem Grande;27;27;0;0;27
bfc108d6-257c-4442-b31c-67957b80af2a;Mix Santa Inês;3107;4063;663;63;3106
c056865a-3bda-45b2-b3e3-70c2d4a0424d;Eletro Mateus Vargem Grande;188;250;33;5;187
c0bdcb22-2e79-4fe5-8339-83979eb1311d;Supermercado Camiño Santa Luzia;51;51;0;0;51
c0fdc588-3963-4be5-b6ad-7b9f8515196e;Eletro Mateus Maiobão 2 Tijupá Queimado;430;459;9;2;430
c227516a-e924-4069-ba8d-175b3046b9a7;Eletro Mateus Bragança;387;461;48;3;387
c27ce771-4b2f-4c6a-af41-c2ba407832ab;Eletro Mateus Parque Vitória;680;888;175;11;680
c373aff7-df80-40c0-aa45-93f7cd6f0ab2;Eletro Mateus Redenção;131;169;27;1;131
c3e7904e-b7e0-4544-84c4-868919fa57cd;Eletro Mateus Atins;13;13;0;0;13
c3e93391-7fc7-4717-b69b-bd358262bcae;Mix Mateus Teresina;16695;36239;18508;372;16678
c4106d0a-ded2-49bd-9f90-45419da164d5;Mix Mateus Trapiche;2079;2866;648;67;2079
c422a617-7241-46f6-a0f8-98d17a6e9950;Mix Urbano Santos;454;480;15;2;454
c477da13-a263-419b-b4ef-8cc4737fcbab;Mix Mateus Castanhal;227;227;0;0;227
c4b098bc-aec2-492a-b02b-bc06fed60234;Eletro Mateus Capanema;308;359;33;0;308
c4bd5fbc-1815-437c-aee1-6898b9896249;Mix Mateus João Paulo;382;382;0;0;382
c4f2761f-ac8d-4c15-bec8-8bf4cf5a64da;Mix Mateus Floriano;111;111;0;0;111
c4f89933-132c-48db-8bdb-2c5c1a10c0ec;Eletro Mateus Santa Maria;68;80;2;3;68
c5bfc1a2-0017-4eb1-ad24-7af795a69cf3;Supermercado Camiño Jacundá;41;41;0;0;41
c5c20712-46d9-4283-ac8f-27ea96ea8300;Eletro Mateus Guajajaras;953;1138;132;15;952
c60a70f0-1422-4884-8117-4e136c9cbb63;Eletro Mateus Castelo Branco;126;148;16;1;126
c714f048-ab9b-421a-9975-6aa01ece8bd8;Colégio Adventista Cohab;1;1;0;1;0
c739767b-6b9d-4555-80f2-e21fa9e2467a;Eletro Mateus Barreirinhas;867;1096;152;23;866
c7debf0e-df6b-4e19-8e70-e8937e1574cd;Boteco Gelado Juazeiro;279;530;210;20;279
c7e84285-ce17-42e8-817a-650b7700a34f;Supermercado Mateus Cajazeiras;35143;48166;8900;513;35122
c85e4184-cefa-41f6-a463-60a744bc2f11;Boteco Gelado Olho D'água;3576;4797;993;94;3567
c93a61a9-c2b6-4f59-b7b0-dd5b341f0506;Supermercado Camiño Coroatá;33;33;0;0;33
c95a102b-9ac8-4aea-83e6-df231c422d5d;Boteco Gelado Barreirinhas;316;677;294;30;315
ca086813-9b5f-43e8-a756-41817f6abf12;Eletro Mateus Paulino Neves;8;8;0;0;8
ca1d0ab6-4e6d-4afb-a189-6bb9dbc40b71;Mix Caxias;6;8;2;0;6
ca5ae415-946d-4a48-b6e3-2ec5c00dd441;Eletro Mateus Mix Mateus Bacuri;546;683;97;7;546
cb4baf8a-4e4e-451c-a99b-3c4ee50bb653;Mix Mateus Capanema;165;165;0;0;165
cb4beaec-8f64-4d11-9f68-cf9ab355ee83;Hiper Mateus Balsas;108;108;0;1;107
cb5f7cb1-10ca-4c59-b515-74b103a3334e;Mix Mais Vinhais;681;801;93;8;680
cd8160a8-bcad-48e9-bbdf-0d2f9877f09b;Mix Mateus Parque dos Carajás;164;164;0;0;164
cdc972b4-e431-4c86-aca5-e97785f3fa22;Mix Timon;3;5;2;0;3
cf8d5436-8bd1-4325-9cf7-6d58541ced53;Loja Virtual Sol Nascente;17;17;0;0;17
d06623b3-b994-42a6-8538-a559cf080f20;Vale do Gavião;7;7;0;0;7
d1276f44-c62c-4e0a-9e6b-c36283c9898b;Mix Mais Paragominas;20;22;1;0;20
d23fbf47-778c-4f0d-8240-2f83d3b99c70;Mix Mateus Balsas - Atacado;415;496;63;5;414
d2ed6351-40b7-4350-bfb1-1107876cd52e;Mix Mateus Aracaju;4336;5424;904;56;4334
d354e4ac-324e-4b4c-b106-a0347b8d644f;Supermercado Mateus Jaderlândia;86;86;0;0;86
d46b7baf-9475-4f0e-9166-3e09bb16d144;Eletro Mateus Caxias;1;1;0;0;1
d4739361-48e5-425a-8be0-e26eb427370e;Eletro Mateus Estreito;245;289;27;2;245
d662a427-0292-4e24-b047-d8aaab56c894;Mix Mateus Pinheiro;153;153;0;0;153
d6dc02cf-3048-43af-8527-9747341a5775;Eletro Supermercado Cohatrac V;502;588;69;4;502
d7885276-d517-4e66-9f5d-6c44a318baa2;Supermercado Camiño Tucumã;13;13;0;0;13
d7bec2d1-2134-41a1-85eb-03a26680d4d2;Eletro Mateus MixTamandaré;391;473;56;3;391
d7e45dde-e4a6-4de7-aa30-0f5766f95ffa;Mix Mateus Pedreira - Atacado;2691;3582;780;39;2691
d845a025-e1f9-402a-bdd9-17bf013deebd;Mix Mateus Belém;192;192;0;0;192
d85f32a2-0228-4dc0-a7e6-c2dce8a6c950;Mix Mateus Olho D'água - Atacado;26;39;10;2;26
d9882820-6bca-4e14-bf62-c201ce4f9fcb;Supermercado Mateus Açailândia;265;265;0;1;264
d98cf262-6201-4815-82b6-a6df3b60a67b;Eletro Mateus Floriano;211;247;21;4;211
d9b856e2-dbb0-4f6b-93ee-eb291702f406;Mix Mateus Forquilha;229;229;0;0;229
d9e2d33b-a273-4cdb-95ac-0e1490339f25;Mix Mateus Paragominas - Atacado;137;144;6;0;137
da3a525b-17e6-4055-a8e3-5fdae1a4701f;Centro de Distribuição - 85 / Eletro;46;46;0;0;46
da4aa396-3964-44ee-b50c-712553fa11c9;Mix Mateus Parque Alvorada;5140;9104;3598;78;5138
db8f3ee3-612c-4055-84d9-feef08229532;Loja Virtual Renato Parente;6;6;0;0;6
dc13041e-c706-4ac4-bd50-dde018b848f3;Supermercado Camiño Divinéia;25;25;0;0;25
dcab8cdc-c36a-4c4b-b0d7-83ad657853c0;Mais Fraldas Vinhais;2821;3718;684;16;2821
dd1ddceb-4573-44f8-9606-f26d0a7ce177;Supermercado Camiño Avenida Catulo;16;16;0;0;16
dd488947-9add-42d9-9128-578256dd0970;Supermercado Mateus Presidente Dutra;87;87;0;0;87
de082238-1300-4e51-8404-874591aae187;Colégio Adventista Cohama;4;4;0;0;4
de5b1980-f3ce-4fa7-8c08-571a95f9ab33;Eletro Mateus Bacabal;577;727;81;13;577
de60da7c-644b-434f-a85e-3c560fdbf5f2;Eletro Mateus Vilhena;101;116;7;0;101
deac89ac-f1ba-498b-a73c-dd782d6b35e8;Supermercado Camiño Anjo da Guarda;74;74;0;0;74
ded3fcc6-6a1e-4e48-8bb2-761b64dff4ed;Supermercado Camiño São Bernardo;38;38;0;0;38
def8215b-9978-4294-95f5-dfff20d670f4;Eletro Mateus Oswaldo Cruz;210;238;20;3;210
df055194-9997-4581-ad7e-6e88a86fe3d3;Eletro Mateus Augusto Montenegro;500;541;26;2;500
e02cecc4-036d-4af1-ad5c-fa4fc3015e0e;Eletro Mateus Itinga Maranhão;810;1169;155;11;810
e0819236-28ce-489d-bc2d-474528a7d1bc;Supermercado Mateus Shopping da Ilha;59;59;0;0;59
e0ca83ee-ba10-4dc9-9563-5f661b91edcd;Mix Mateus Bacuri;114;114;0;0;114
e0eb5184-8da4-43da-9632-aa3a8c1bde79;Eletro Mateus Grande São Luís;56856;62199;4155;588;56799
e1553b8b-4d29-4179-a852-2270ed34bfb4;Mix Mateus Parque Piauí;119;119;0;0;119
e1586832-cf32-4fba-b34c-5d693e8fb017;Eletro Mateus Cajueiro;114;129;10;0;114
e1fbe67d-08a9-4a3f-b4e6-b42bb02cdb54;Eletro Mateus Cidade Operária;784;953;112;13;783
e2c3cb8d-a8c1-49e5-9da2-d40576e5af03;Loja Virtual Calhau;20;20;0;1;19
e350daea-53d0-46e7-b9b6-2a637f056388;Eletro Mateus Cohab;688;811;97;6;687
e675f6a3-8e60-4270-b6dc-3effde6a41d6;Eletro Mateus Goiás;650;864;154;12;650
e79bc9b3-f6af-4b61-8925-c963ad7a0f59;Mix Mateus Babaçulândia;297;297;0;0;297
e79f1163-3607-42d5-99a4-b16d43384101;Camiño On-line Dom Eliseu Maranhão;52;66;1;4;52
e7ce6d88-7e89-4938-b274-f0d5b69349b2;Mix Barreirinhas - CD;654;927;205;18;654
e95a5976-3457-434d-a9a0-b5ad0887e302;Centro de Distribuição - 116 / Mercearia;682;689;0;9;676
ead71f52-6371-40e0-a84d-c53a79fd28f4;Eletro Mateus Bairro da Paz;115;150;25;0;115
eafd0349-ecca-403d-a6a9-76bc908e5daf;Mix Mateus Parauapebas;139;139;0;0;139
ed52dead-74fd-4579-9bab-c2ed20c73574;Pizzaria & Lanchonete | Mateus Cohama;4;5;0;1;4
edcdaaf9-7e59-4d3a-ac9d-7c728b7ef1be;Boteco Gelado Serraria;22;26;3;0;22
edd3994d-5b7e-4fd8-adb1-a806b1e13169;Mix Mateus Teixeira de Freitas;2089;3066;852;40;2089
ee6e174d-d6f6-4625-9c3f-314956816550;Mix Mateus Paragominas;523;700;148;8;523
eec5f5d3-2315-4c5b-937b-402642838c30;Eletro Mateus Piripiri;252;290;21;4;252
ef5ba3b9-94ba-4545-8a6d-7d34cb198a63;Eletro Mateus Açailândia;842;1031;128;6;842
f085fc98-bd85-438d-b9fc-8030254fdfd5;Supermercado Mateus Cohab;153;153;0;0;153
f0b953c9-a787-4684-8fc4-bc6e40bff4b2;Eletro Mateus Mercado Central;336;398;40;5;336
f0ebf97c-5a18-4cf4-ac37-2d709ba308db;Eletro Mateus Viana;336;391;33;4;336
f22a2db1-1d0e-4003-bb7f-8dd6d138d071;Aldebaran;6;6;0;0;6
f26674ea-a81c-4bff-ab3e-e601ee8351ec;Supermercado Mateus Codó;148;148;0;0;148
f3034746-b89d-4126-9cde-7de6e2564a84;Centro de Distribuição - 81 / Frios;47;48;0;1;47
f34c38df-6499-44f9-9281-ebef6e3e9e96;Eletro Supermercado Santa Inês;291;336;30;1;291
f35f42d5-183b-4611-9773-a01a39979b9d;Mix Mateus Teixeira de Freitas - Atacado;457;548;79;3;457
f37d9a82-b7a7-4fca-95f3-2df19f525a58;Mix Mateus Tirirical;207;207;0;0;207
f48a4429-fadc-4220-b469-fdad375a3494;Eletro Mateus Campina;96;112;12;2;96
f5622fa9-c6b8-4e39-beed-750a66f5f1ea;Mix Mateus Nova Marabá;71;71;0;0;71
f6ccc517-d35d-496b-a0c2-a4641a65af79;Mix Mateus Aracaju - Atacado;1579;1995;378;9;1579
f741f069-08b0-4a86-ae41-7aea06f2e123;Eletro Mateus Mix João Paulo;1356;1673;214;28;1354
f7e9617d-fd2c-43b6-98f3-4cc0aeb3b44b;Supermercado Mateus Castanhal;161;161;0;0;161
f8235328-4a3c-4ee7-95b3-544ba4922bed;Eletro Mateus Breu Branco;11;12;1;0;11
f9d89763-fdb2-4584-9760-0e6ca681578c;Mix Mais Petrolina;88;101;9;0;88
fbb1007f-376b-415e-af14-ab9049b71d8a;Supermercado Mateus Turuzinho;48;48;0;0;48
fed96a17-37b4-421c-81d1-faebbc224da0;Mix Mateus Trapiche - Atacado;1175;1367;162;16;1175
